Range Group #(DO NOT CHANGE),Index in Range Group(DO NOT CHANGE),Range #(DO NOT CHANGE),Range Name," ""Start Call Number 1""",End Call Number 1,Location 1," ""Start Call Number 2""",End Call Number 2,Location 2,Etc,,,,,,,,,,,,,,,,,,,,,,,,,,,,,,,,,,,,,,,,,,,,,,,,,,,,,,,,,,,,,,,,,,,,,,,,,,,,,,,,,,,,,,,,,,,,,,,,,,,,,,,,,,,,,,,,,,,,,,,,,,
1,0,274,C-1,BF1. A186 2001 V.35,BF173. A2 I5 1965 V.46,Eisenhower General Collection,,,,,,,,,,,,,,,,,,,,,,,,,,,,,,,,,,,,,,,,,,,,,,,,,,,,,,,,,,,,,,,,,,,,,,,,,,,,,,,,,,,,,,,,,,,,,,,,,,,,,,,,,,,,,,,,,,,,,,,,,,,,,,
1,1,275,C-2,BF173. A2 I5 1966 V.47,BF311. M574 1996,Eisenhower General Collection,,,,,,,,,,,,,,,,,,,,,,,,,,,,,,,,,,,,,,,,,,,,,,,,,,,,,,,,,,,,,,,,,,,,,,,,,,,,,,,,,,,,,,,,,,,,,,,,,,,,,,,,,,,,,,,,,,,,,,,,,,,,,,
1,2,276,C-3,BF311. M59,BF575. M44 N38,Eisenhower General Collection,,,,,,,,,,,,,,,,,,,,,,,,,,,,,,,,,,,,,,,,,,,,,,,,,,,,,,,,,,,,,,,,,,,,,,,,,,,,,,,,,,,,,,,,,,,,,,,,,,,,,,,,,,,,,,,,,,,,,,,,,,,,,,
1,3,277,C-4,BF575. M44 O76,BF723. T53 K75,Eisenhower General Collection,,,,,,,,,,,,,,,,,,,,,,,,,,,,,,,,,,,,,,,,,,,,,,,,,,,,,,,,,,,,,,,,,,,,,,,,,,,,,,,,,,,,,,,,,,,,,,,,,,,,,,,,,,,,,,,,,,,,,,,,,,,,,,
1,4,278,C-5,BF723. T53 S781 1986,BF3317. F537 2003,Eisenhower General Collection,BF39. H2644 2006 QUARTO,BF1812. A352 I57 2000 QUARTO,Eisenhower General Collection,GB10. E531 1985,GB651. N6 2011 V.42,Eisenhower General Collection,,,,,,,,,,,,,,,,,,,,,,,,,,,,,,,,,,,,,,,,,,,,,,,,,,,,,,,,,,,,,,,,,,,,,,,,,,,,,,,,,,,,,,,,,,,,,,,,,,,,,,,,,,,,,,,,,,,,,,,,
1,5,279,C-6,GB651. S35 1984-85 V.46-47,GB5018. M34 2005,Eisenhower General Collection,GB54.5 F861 1990 QUARTO,GB5014. S34 2002 QUARTO,Eisenhower General Collection,GC1. A32 1975 V.13,GC1580. T76 1975,Eisenhower General Collection,GC1. U2 1955 QUARTO,GC439. R8 1982 QUARTO,Eisenhower General Collection,,,,,,,,,,,,,,,,,,,,,,,,,,,,,,,,,,,,,,,,,,,,,,,,,,,,,,,,,,,,,,,,,,,,,,,,,,,,,,,,,,,,,,,,,,,,,,,,,,,,,,,,,,,,,,,,,,,,,
1,6,280,C-7,GC461. A5 1971 V.1 QUARTO,GC1085. O5 1985 QUARTO,Eisenhower General Collection,GE1. B67 2005,GE350. K36 2004,Eisenhower General Collection,GE30. K38 1997 QUARTO,GE140. L951 1994 QUARTO,Eisenhower General Collection,Q1. A106 1966 V.6 INDEX: 1-6,Q1. S39 1988 V.240 NO.4855-4860,Eisenhower General Collection,,,,,,,,,,,,,,,,,,,,,,,,,,,,,,,,,,,,,,,,,,,,,,,,,,,,,,,,,,,,,,,,,,,,,,,,,,,,,,,,,,,,,,,,,,,,,,,,,,,,,,,,,,,,,,,,,,,,,
1,7,281,C-8,Q1. S39 V.241 NO.4861-4867,Q11. N55 V.167,Eisenhower General Collection,,,,,,,,,,,,,,,,,,,,,,,,,,,,,,,,,,,,,,,,,,,,,,,,,,,,,,,,,,,,,,,,,,,,,,,,,,,,,,,,,,,,,,,,,,,,,,,,,,,,,,,,,,,,,,,,,,,,,,,,,,,,,,
1,8,282,C-9,Q11. N55 V.168,Q113. G6 ABT.2 BD.7,Eisenhower General Collection,,,,,,,,,,,,,,,,,,,,,,,,,,,,,,,,,,,,,,,,,,,,,,,,,,,,,,,,,,,,,,,,,,,,,,,,,,,,,,,,,,,,,,,,,,,,,,,,,,,,,,,,,,,,,,,,,,,,,,,,,,,,,,
1,9,283,C-10,Q113. G6 ABT.2 BD.8,Q162. N438 V.2,Eisenhower General Collection,,,,,,,,,,,,,,,,,,,,,,,,,,,,,,,,,,,,,,,,,,,,,,,,,,,,,,,,,,,,,,,,,,,,,,,,,,,,,,,,,,,,,,,,,,,,,,,,,,,,,,,,,,,,,,,,,,,,,,,,,,,,,,
1,10,447,C-11,Q162. P37,Q183.9 I33 2005,Eisenhower General Collection,,,,,,,,,,,,,,,,,,,,,,,,,,,,,,,,,,,,,,,,,,,,,,,,,,,,,,,,,,,,,,,,,,,,,,,,,,,,,,,,,,,,,,,,,,,,,,,,,,,,,,,,,,,,,,,,,,,,,,,,,,,,,,
1,11,448,C-12,Q183.9 I34 2002,Q387.3 D47 2007,Eisenhower General Collection,Q1. A1 Z9 L38 1968 QUARTO,Q334. N37 1986 V.1 QUARTO,Eisenhower General Collection,,,,,,,,,,,,,,,,,,,,,,,,,,,,,,,,,,,,,,,,,,,,,,,,,,,,,,,,,,,,,,,,,,,,,,,,,,,,,,,,,,,,,,,,,,,,,,,,,,,,,,,,,,,,,,,,,,,,,,,,,,,
2,0,284,C-13,Q334. N37 1986 V.2 QUARTO,Q387. P751 1992 QUARTO,Eisenhower General Collection,Q183.3 A1 A788 2001 FOLIO,Q183.3 A1 A788 2001 FOLIO,Eisenhower General Collection,QA1. A1412 2006 V.22 PT.1-2,QA1. J88 1996 V.96-97,Eisenhower General Collection,,,,,,,,,,,,,,,,,,,,,,,,,,,,,,,,,,,,,,,,,,,,,,,,,,,,,,,,,,,,,,,,,,,,,,,,,,,,,,,,,,,,,,,,,,,,,,,,,,,,,,,,,,,,,,,,,,,,,,,,
2,1,285,C-14,QA1. J9767 V.24,QA1. Z56 V.700 PT.7,Eisenhower General Collection,,,,,,,,,,,,,,,,,,,,,,,,,,,,,,,,,,,,,,,,,,,,,,,,,,,,,,,,,,,,,,,,,,,,,,,,,,,,,,,,,,,,,,,,,,,,,,,,,,,,,,,,,,,,,,,,,,,,,,,,,,,,,,
2,2,286,C-15,QA1. Z56 V.710 PT.1,QA9.45 B651 V.2,Eisenhower General Collection,,,,,,,,,,,,,,,,,,,,,,,,,,,,,,,,,,,,,,,,,,,,,,,,,,,,,,,,,,,,,,,,,,,,,,,,,,,,,,,,,,,,,,,,,,,,,,,,,,,,,,,,,,,,,,,,,,,,,,,,,,,,,,
2,3,287,C-16,QA9.45 C54,QA76.59 Z55,Eisenhower General Collection,,,,,,,,,,,,,,,,,,,,,,,,,,,,,,,,,,,,,,,,,,,,,,,,,,,,,,,,,,,,,,,,,,,,,,,,,,,,,,,,,,,,,,,,,,,,,,,,,,,,,,,,,,,,,,,,,,,,,,,,,,,,,,
2,4,288,C-17,QA76.591 5.Z48,QA76.758 Y68,Eisenhower General Collection,,,,,,,,,,,,,,,,,,,,,,,,,,,,,,,,,,,,,,,,,,,,,,,,,,,,,,,,,,,,,,,,,,,,,,,,,,,,,,,,,,,,,,,,,,,,,,,,,,,,,,,,,,,,,,,,,,,,,,,,,,,,,,
2,5,289,C-18,QA76.758 Z48,QA76.9 A25 C791 1992,Eisenhower General Collection,,,,,,,,,,,,,,,,,,,,,,,,,,,,,,,,,,,,,,,,,,,,,,,,,,,,,,,,,,,,,,,,,,,,,,,,,,,,,,,,,,,,,,,,,,,,,,,,,,,,,,,,,,,,,,,,,,,,,,,,,,,,,,
2,6,290,C-19,QA76.9 A25 C791 1993,QA76.9 H85 T36 2007,Eisenhower General Collection,,,,,,,,,,,,,,,,,,,,,,,,,,,,,,,,,,,,,,,,,,,,,,,,,,,,,,,,,,,,,,,,,,,,,,,,,,,,,,,,,,,,,,,,,,,,,,,,,,,,,,,,,,,,,,,,,,,,,,,,,,,,,,
2,7,291,C-20,QA76.9 H85 T43 2007,QA188. R631 1980,Eisenhower General Collection,,,,,,,,,,,,,,,,,,,,,,,,,,,,,,,,,,,,,,,,,,,,,,,,,,,,,,,,,,,,,,,,,,,,,,,,,,,,,,,,,,,,,,,,,,,,,,,,,,,,,,,,,,,,,,,,,,,,,,,,,,,,,,
2,8,292,C-21,QA188. S17,QA273.6 C651 V.1,Eisenhower General Collection,,,,,,,,,,,,,,,,,,,,,,,,,,,,,,,,,,,,,,,,,,,,,,,,,,,,,,,,,,,,,,,,,,,,,,,,,,,,,,,,,,,,,,,,,,,,,,,,,,,,,,,,,,,,,,,,,,,,,,,,,,,,,,
2,9,293,C-22,QA273.6 C661,QA279. T56,Eisenhower General Collection,,,,,,,,,,,,,,,,,,,,,,,,,,,,,,,,,,,,,,,,,,,,,,,,,,,,,,,,,,,,,,,,,,,,,,,,,,,,,,,,,,,,,,,,,,,,,,,,,,,,,,,,,,,,,,,,,,,,,,,,,,,,,,
2,10,294,C-23,QA279. T67,QA331. M273 V.3,Eisenhower General Collection,,,,,,,,,,,,,,,,,,,,,,,,,,,,,,,,,,,,,,,,,,,,,,,,,,,,,,,,,,,,,,,,,,,,,,,,,,,,,,,,,,,,,,,,,,,,,,,,,,,,,,,,,,,,,,,,,,,,,,,,,,,,,,
2,11,295,C-24,QA331. M273 1977 V.1-3,QA402. S881,Eisenhower General Collection,,,,,,,,,,,,,,,,,,,,,,,,,,,,,,,,,,,,,,,,,,,,,,,,,,,,,,,,,,,,,,,,,,,,,,,,,,,,,,,,,,,,,,,,,,,,,,,,,,,,,,,,,,,,,,,,,,,,,,,,,,,,,,
2,12,296,C-25,QA402. S9582,QA612.2 J68 V.17 PT.1-6,Eisenhower General Collection,,,,,,,,,,,,,,,,,,,,,,,,,,,,,,,,,,,,,,,,,,,,,,,,,,,,,,,,,,,,,,,,,,,,,,,,,,,,,,,,,,,,,,,,,,,,,,,,,,,,,,,,,,,,,,,,,,,,,,,,,,,,,,
2,13,297,C-26,QA612.2 K71 1990,QA2740. N35 2004,Eisenhower General Collection,QA1. A4641 1987 QUARTO,QA76.59 A35 2005 QUARTO,Eisenhower General Collection,,,,,,,,,,,,,,,,,,,,,,,,,,,,,,,,,,,,,,,,,,,,,,,,,,,,,,,,,,,,,,,,,,,,,,,,,,,,,,,,,,,,,,,,,,,,,,,,,,,,,,,,,,,,,,,,,,,,,,,,,,,
4,0,308,C-27,Q125. T31 1963 V.1,Q199. T2 V.17,Eisenhower C Level Reference,Q125. Z99 D52 1980 QUARTO,Q199. N32 INDEX 1930 QUARTO,Eisenhower C Level Reference,,,,,,,,,,,,,,,,,,,,,,,,,,,,,,,,,,,,,,,,,,,,,,,,,,,,,,,,,,,,,,,,,,,,,,,,,,,,,,,,,,,,,,,,,,,,,,,,,,,,,,,,,,,,,,,,,,,,,,,,,,,
4,1,309,C-28,Q223. M399 2010,Q335. R86 2003,Eisenhower C Level Reference,Q220. H5 1972 QUARTO,Q222. J37 1985 QUARTO,Eisenhower C Level Reference,QA5. B57 2002,QA47. V361 1986,Eisenhower C Level Reference,QA5. M36513 1988 V.1 QUARTO,QA47. B6251 1990 QUARTO,Eisenhower C Level Reference,,,,,,,,,,,,,,,,,,,,,,,,,,,,,,,,,,,,,,,,,,,,,,,,,,,,,,,,,,,,,,,,,,,,,,,,,,,,,,,,,,,,,,,,,,,,,,,,,,,,,,,,,,,,,,,,,,,,,
4,2,310,C-29,QC787. P3 H36 1999,QC981.8 G56 D88 2010 V.3,Eisenhower C Level Reference,QC793.5 N4624 M34 1988 QUARTO,QC863.5 A48 2001 QUARTO,Eisenhower C Level Reference,QD1. A51 INDEX V.1-10 A-K,QD1. A51 INDEX V.56-65 P-SOC.,Eisenhower C Level Reference,,,,,,,,,,,,,,,,,,,,,,,,,,,,,,,,,,,,,,,,,,,,,,,,,,,,,,,,,,,,,,,,,,,,,,,,,,,,,,,,,,,,,,,,,,,,,,,,,,,,,,,,,,,,,,,,,,,,,,,,
4,3,311,C-30,QD1. A51 INDEX V.56-65 SOD.-Z,QD1. A51 INDEX V.33 PT.1,Eisenhower C Level Reference,,,,,,,,,,,,,,,,,,,,,,,,,,,,,,,,,,,,,,,,,,,,,,,,,,,,,,,,,,,,,,,,,,,,,,,,,,,,,,,,,,,,,,,,,,,,,,,,,,,,,,,,,,,,,,,,,,,,,,,,,,,,,,
4,4,312,C-31,QD79. C4 D46 1982,QD151. G56 1924 GE SER.2 PT.7,Eisenhower C Level Reference,QD79. C4 E53 2001 QUARTO,QD149. N661 1990 QUARTO,Eisenhower C Level Reference,,,,,,,,,,,,,,,,,,,,,,,,,,,,,,,,,,,,,,,,,,,,,,,,,,,,,,,,,,,,,,,,,,,,,,,,,,,,,,,,,,,,,,,,,,,,,,,,,,,,,,,,,,,,,,,,,,,,,,,,,,,
4,5,313,C-32,"QD151. G56 1924 HE,NE,AR,H",QD151. G56 1924 FORM SUPPL.3 INDEX V.6,Eisenhower C Level Reference,,,,,,,,,,,,,,,,,,,,,,,,,,,,,,,,,,,,,,,,,,,,,,,,,,,,,,,,,,,,,,,,,,,,,,,,,,,,,,,,,,,,,,,,,,,,,,,,,,,,,,,,,,,,,,,,,,,,,,,,,,,,,,
4,6,314,C-33,QD258. O82 1965,QD261. H83 1952 SUPPL. BD.E8C,Eisenhower C Level Reference,,,,,,,,,,,,,,,,,,,,,,,,,,,,,,,,,,,,,,,,,,,,,,,,,,,,,,,,,,,,,,,,,,,,,,,,,,,,,,,,,,,,,,,,,,,,,,,,,,,,,,,,,,,,,,,,,,,,,,,,,,,,,,
4,7,315,C-34,QD261. H83 1952 SUPPL. BD.E8D,QD262. A5 2004,Eisenhower C Level Reference,QD261. M381 1986 QUARTO,QD261. R67 1973 QUARTO,Eisenhower C Level Reference,,,,,,,,,,,,,,,,,,,,,,,,,,,,,,,,,,,,,,,,,,,,,,,,,,,,,,,,,,,,,,,,,,,,,,,,,,,,,,,,,,,,,,,,,,,,,,,,,,,,,,,,,,,,,,,,,,,,,,,,,,,
4,8,316,C-35,QD453.2 A87 1996,QD501. I6231 1986 INDEX PT.2,Eisenhower C Level Reference,QD455.2 R431 1987 QUARTO,QD481. K64 1978 SUPPL. QUARTO,Eisenhower C Level Reference,,,,,,,,,,,,,,,,,,,,,,,,,,,,,,,,,,,,,,,,,,,,,,,,,,,,,,,,,,,,,,,,,,,,,,,,,,,,,,,,,,,,,,,,,,,,,,,,,,,,,,,,,,,,,,,,,,,,,,,,,,,
4,9,317,C-36,QD501. K75451 1980,QD541. A41413 1980,Eisenhower C Level Reference,QD502. G37 1987 QUARTO,QD511.8 H42 1996 V.2 QUARTO,Eisenhower C Level Reference,,,,,,,,,,,,,,,,,,,,,,,,,,,,,,,,,,,,,,,,,,,,,,,,,,,,,,,,,,,,,,,,,,,,,,,,,,,,,,,,,,,,,,,,,,,,,,,,,,,,,,,,,,,,,,,,,,,,,,,,,,,
4,10,318,C-37,QL9. G67 1996,QL805. S3155 2008,Eisenhower C Level Reference,QL7. G7813 2003 V.1 QUARTO,QL955. G48 2010 QUARTO,Eisenhower C Level Reference,QL937. F72 2008 FOLIO,QL937. F72 2008 FOLIO,Eisenhower C Level Reference,QM23.2 M673 2002,QM691. S461 1976,Eisenhower C Level Reference,QM7. O96 2001 QUARTO,QM691. S53 2007 QUARTO,Eisenhower C Level Reference,,,,,,,,,,,,,,,,,,,,,,,,,,,,,,,,,,,,,,,,,,,,,,,,,,,,,,,,,,,,,,,,,,,,,,,,,,,,,,,,,,,,,,,,,,,,,,,,,,,,,,,,,,,,,,,,,,
4,11,319,C-38,QP34.5 M356 2007,QP514.2 R44 2009,Eisenhower C Level Reference,QP34.5 G35 2010 QUARTO,QP514.2 V64 2011 QUARTO,Eisenhower C Level Reference,,,,,,,,,,,,,,,,,,,,,,,,,,,,,,,,,,,,,,,,,,,,,,,,,,,,,,,,,,,,,,,,,,,,,,,,,,,,,,,,,,,,,,,,,,,,,,,,,,,,,,,,,,,,,,,,,,,,,,,,,,,
4,12,320,C-39,S591. G44 2000,S926. A2 N371 1985,Eisenhower C Level Reference,S591. B792 2000 QUARTO,S936. A75 2010 QUARTO,Eisenhower C Level Reference,SB107. D22 1956,SB951.4 K4 1975 V.3,Eisenhower C Level Reference,SB292. A2 G731 1988 QUARTO,SB728. E53 2001 V.2 QUARTO,Eisenhower C Level Reference,SF609. M5 1988,SF609. M5 1988,Eisenhower C Level Reference,SF761. P63 1992A QUARTO,SF761. P63 1992A QUARTO,Eisenhower C Level Reference,T8. B7 1962,T55.3 H3 S27 1994,Eisenhower C Level Reference,T10.7 R451 1986 QUARTO,T55.3 H3 S3 2012 V.5 QUARTO,Eisenhower C Level Reference,,,,,,,,,,,,,,,,,,,,,,,,,,,,,,,,,,,,,,,,,,,,,,,,,,,,,,,,,,,,,,,,,,,,,,,,,,,,,,,,,,,,,,,,,,,,,,,,,,,,,,,,,
4,13,321,C-40,T174.7 N37327 2005,T395. H571 1990,Eisenhower C Level Reference,T58.5 D499 2007 V.1 QUARTO,T379. G73 1981 QUARTO,Eisenhower C Level Reference,TA1. A49 Z9 1956-57 V.82-83,TA347. F5 Z95 1991,Eisenhower C Level Reference,TA11. E731 1994 QUARTO,TA340. S743 2011 QUARTO,Eisenhower C Level Reference,,,,,,,,,,,,,,,,,,,,,,,,,,,,,,,,,,,,,,,,,,,,,,,,,,,,,,,,,,,,,,,,,,,,,,,,,,,,,,,,,,,,,,,,,,,,,,,,,,,,,,,,,,,,,,,,,,,,,
4,14,322,C-41,TP9. E49 1976 V.1,TP9. U57 2003 V.20,Eisenhower C Level Reference,TP9. H651 1992 QUARTO,TP9. H651 1992 QUARTO,Eisenhower C Level Reference,,,,,,,,,,,,,,,,,,,,,,,,,,,,,,,,,,,,,,,,,,,,,,,,,,,,,,,,,,,,,,,,,,,,,,,,,,,,,,,,,,,,,,,,,,,,,,,,,,,,,,,,,,,,,,,,,,,,,,,,,,,
4,15,323,C-42,TP9. U57 2003 V.21,TP156. M5 Z998 1978 SUPPL.2,Eisenhower C Level Reference,TP151. R85 2002 QUARTO,TP156. M5 C545 1982 SUPPL. QUARTO,Eisenhower C Level Reference,,,,,,,,,,,,,,,,,,,,,,,,,,,,,,,,,,,,,,,,,,,,,,,,,,,,,,,,,,,,,,,,,,,,,,,,,,,,,,,,,,,,,,,,,,,,,,,,,,,,,,,,,,,,,,,,,,,,,,,,,,,
5,0,324,C-43,AY67. N5 W82 2008,AY67. N5 W82 2008,Eisenhower C Level Reference,BF33. H52 1989,BF697.5 S43 C67 2014,Eisenhower C Level Reference,BF77. K53 2011 QUARTO,BF1461. G85 2000 QUARTO,Eisenhower C Level Reference,CT3260. W5 2000-01,CT3260. W5 2000-01,Eisenhower C Level Reference,D205. A27 2002,D205. A27 2002,Eisenhower C Level Reference,DP302. C66 A55 2011,DP302. C66 A55 2011,Eisenhower C Level Reference,E78. G73 K561 1992,E156. K74 1996,Eisenhower C Level Reference,E169.12 E5 1997 V.1 QUARTO,E169.12 E5 1997 V.2 QUARTO,Eisenhower C Level Reference,G63. G34 1988,G1046. E1 A861 1994,Eisenhower C Level Reference,G70.212 E53 2008 QUARTO,G1046. J4 M51 1992 QUARTO,Eisenhower C Level Reference,G1000. G7 1997 FOLIO,G2800. T51 1990 FOLIO,Eisenhower C Level Reference,GB10. D53 2000,GB2401. E571 1990,Eisenhower C Level Reference,GB601. E535 2004 QUARTO,GB655. W28 2004 QUARTO,Eisenhower C Level Reference,GC9. H67 1999,GC1085. E52 2000,Eisenhower C Level Reference,GC9. E57 2001 V.1 QUARTO,GC11.2 G37 2010 QUARTO,Eisenhower C Level Reference,GE1. G19 2007,GE350. M54 1999,Eisenhower C Level Reference,GE10. E49 1998 V.1 QUARTO,GE149. E47 2002 V.2 QUARTO,Eisenhower C Level Reference,GF10. E63 2004 V.1 QUARTO,GF10. E63 2004 V.3 QUARTO,Eisenhower C Level Reference,HA29. A688 2011,HA46. M95 2000,Eisenhower C Level Reference,HB139. E2881 1993,HB139. E2881 1993,Eisenhower C Level Reference,HC79. E5 G685 2001,HC79. E5 G685 2001,Eisenhower C Level Reference,HD9999. B442 S24 2007 V.1,HD9999. B442 S24 2007 V.4,Eisenhower C Level Reference,HG176.5 B73 2006,HG176.5 B73 2006,Eisenhower C Level Reference,HQ767.9 S534 2011 QUARTO,HQ767.9 S534 2011 QUARTO,Eisenhower C Level Reference,HT391. K36 1999,HT391. K36 1999,Eisenhower C Level Reference,HV6773. H36 2008,HV6773. H36 2008,Eisenhower C Level Reference,HV6017. E53 2000 V.1 QUARTO,HV8073. N47 1998 QUARTO,Eisenhower C Level Reference,JK1985. R83 2006,JK1985. R83 2006,Eisenhower C Level Reference,K3534. I58 2000,K3924. H54 M38 2006,Eisenhower C Level Reference,KF3831. M33 2005,KF5704. N38 2004,Eisenhower C Level Reference,KFN5035. A24 2006 V.1 QUARTO,KFN5035. A24 2006 V.12 QUARTO,Eisenhower C Level Reference,LB1028. M3966 1998,LB1060. H3457 2000,Eisenhower C Level Reference,MT723. C63 2009,MT723. C63 2009,Eisenhower C Level Reference,NA31. H32 2006,NA31. H32 2006,Eisenhower C Level Reference,NA7115. C52 1991 QUARTO,NA7115. C52 1991 QUARTO,Eisenhower C Level Reference,NC1305. P46 2007 V.1,NC1305. P46 2007 V.3,Eisenhower C Level Reference,P98. J87 2009,P371. C37 2011,Eisenhower C Level Reference,P29. E483 2005 V.1 QUARTO,P143. W67 2005 QUARTO,Eisenhower C Level Reference,PC2640. C3 1962,PC2640. C3 1962,Eisenhower C Level Reference,PE1112. M64 2010,PE2808. L26 2006,Eisenhower C Level Reference,PN56. A44 A27 2001,PN56. A44 A27 2001,Eisenhower C Level Reference,Q1. A1 W62 1977-85 V.1,Q125. S245 1952,Eisenhower C Level Reference,Q2. I81 1971 V.1 QUARTO,Q125. H6298 2002 V.4 QUARTO,Eisenhower C Level Reference
5,1,325,C-44,QA55. G6613 2000,QA929. V651 1989,Eisenhower C Level Reference,QA76. M3492 2000 QUARTO,QA929. I35 2007 QUARTO,Eisenhower C Level Reference,QA171. A861 1985 FOLIO,QA171. A861 1985 FOLIO,Eisenhower C Level Reference,,,,,,,,,,,,,,,,,,,,,,,,,,,,,,,,,,,,,,,,,,,,,,,,,,,,,,,,,,,,,,,,,,,,,,,,,,,,,,,,,,,,,,,,,,,,,,,,,,,,,,,,,,,,,,,,,,,,,,,,
5,2,326,C-45,QB1. Y4 2014,QB981. U93 2008,Eisenhower C Level Reference,QB6. P751 1999 V.1 QUARTO,QB857. L661 1989 QUARTO,Eisenhower C Level Reference,QC20. A6713 2007,QC783. S86 2001,Eisenhower C Level Reference,QC21.2 G5 2000 QUARTO,QC762. E53 1996 V.8 QUARTO,Eisenhower C Level Reference,,,,,,,,,,,,,,,,,,,,,,,,,,,,,,,,,,,,,,,,,,,,,,,,,,,,,,,,,,,,,,,,,,,,,,,,,,,,,,,,,,,,,,,,,,,,,,,,,,,,,,,,,,,,,,,,,,,,,
5,3,327,C-46,QD1. A51 V.33 PT.2,QD64. L531 1993,Eisenhower C Level Reference,QD1. C251 1977 QUARTO,QD63. S4 E53 2000 V.10 QUARTO,Eisenhower C Level Reference,,,,,,,,,,,,,,,,,,,,,,,,,,,,,,,,,,,,,,,,,,,,,,,,,,,,,,,,,,,,,,,,,,,,,,,,,,,,,,,,,,,,,,,,,,,,,,,,,,,,,,,,,,,,,,,,,,,,,,,,,,,
5,4,328,C-47,QD65. D613 1975,QD78. P37 2004,Eisenhower C Level Reference,QD65. C741 1991 V.1 QUARTO,QD77. H37 1999 V.9 QUARTO,Eisenhower C Level Reference,,,,,,,,,,,,,,,,,,,,,,,,,,,,,,,,,,,,,,,,,,,,,,,,,,,,,,,,,,,,,,,,,,,,,,,,,,,,,,,,,,,,,,,,,,,,,,,,,,,,,,,,,,,,,,,,,,,,,,,,,,,
5,5,329,C-48,QD151. G562 1964 BD.1A,QD251. B43 1918 INDEX PT.2 BD.20-22 T.2,Eisenhower C Level Reference,QD151.3 H685 2012 QUARTO,QD245. C65 1979 V.6 QUARTO,Eisenhower C Level Reference,,,,,,,,,,,,,,,,,,,,,,,,,,,,,,,,,,,,,,,,,,,,,,,,,,,,,,,,,,,,,,,,,,,,,,,,,,,,,,,,,,,,,,,,,,,,,,,,,,,,,,,,,,,,,,,,,,,,,,,,,,,
5,6,330,C-49,QD251. B43 SUPPL. 1910-19 BD.20-22,QD258. M3 1963 V.2,Eisenhower C Level Reference,QD251.2 C367 2000 QUARTO,QD257.7 Y3941 1995 V.4 QUARTO,Eisenhower C Level Reference,,,,,,,,,,,,,,,,,,,,,,,,,,,,,,,,,,,,,,,,,,,,,,,,,,,,,,,,,,,,,,,,,,,,,,,,,,,,,,,,,,,,,,,,,,,,,,,,,,,,,,,,,,,,,,,,,,,,,,,,,,,
5,7,331,C-50,QD262. A58 1988,QD291. C551 1980,Eisenhower C Level Reference,QD262. C534 1995 V.1 QUARTO,QD281. P6 D47 1997 QUARTO,Eisenhower C Level Reference,,,,,,,,,,,,,,,,,,,,,,,,,,,,,,,,,,,,,,,,,,,,,,,,,,,,,,,,,,,,,,,,,,,,,,,,,,,,,,,,,,,,,,,,,,,,,,,,,,,,,,,,,,,,,,,,,,,,,,,,,,,
5,8,332,C-51,QD291. D441 1969,QD453. T585 1959 V.4,Eisenhower C Level Reference,QD291. D5 1969 QUARTO,QD451.5 I57 1993 QUARTO,Eisenhower C Level Reference,,,,,,,,,,,,,,,,,,,,,,,,,,,,,,,,,,,,,,,,,,,,,,,,,,,,,,,,,,,,,,,,,,,,,,,,,,,,,,,,,,,,,,,,,,,,,,,,,,,,,,,,,,,,,,,,,,,,,,,,,,,
5,9,333,C-52,QD541. S43 1973-74,QD951. D61 1972 V.6,Eisenhower C Level Reference,QD557. C731 1980 V.1 QUARTO,QD911. A481 1994 QUARTO,Eisenhower C Level Reference,,,,,,,,,,,,,,,,,,,,,,,,,,,,,,,,,,,,,,,,,,,,,,,,,,,,,,,,,,,,,,,,,,,,,,,,,,,,,,,,,,,,,,,,,,,,,,,,,,,,,,,,,,,,,,,,,,,,,,,,,,,
5,10,334,C-53,QE5. A44 2003,QE881. K853 1980,Eisenhower C Level Reference,QE5. B38 1997 QUARTO,QE881. E84 1978 QUARTO,Eisenhower C Level Reference,QH26. N68 1996,QH588. S83 G85 2005,Eisenhower C Level Reference,QH45.5 F481 1994 QUARTO,QH605. M85 2007 QUARTO,Eisenhower C Level Reference,QK45.2 L3 2005,QK981.45 H36 2005,Eisenhower C Level Reference,QK9. B16 1976 QUARTO,QK861. B45 2000 QUARTO,Eisenhower C Level Reference,,,,,,,,,,,,,,,,,,,,,,,,,,,,,,,,,,,,,,,,,,,,,,,,,,,,,,,,,,,,,,,,,,,,,,,,,,,,,,,,,,,,,,,,,,,,,,,,,,,,,,,,,,,,,,,
5,11,335,C-54,QP517. M3 T733 2002,QP801. B69 B565 2005 V.2,Eisenhower C Level Reference,QP517. C45 H36 2004 V.1 QUARTO,QP623. R569 2001 QUARTO,Eisenhower C Level Reference,QR62. M524 2007,QR389. C36 2012,Eisenhower C Level Reference,QR41.2 B77 2012 QUARTO,QR389. H38 2012 QUARTO,Eisenhower C Level Reference,,,,,,,,,,,,,,,,,,,,,,,,,,,,,,,,,,,,,,,,,,,,,,,,,,,,,,,,,,,,,,,,,,,,,,,,,,,,,,,,,,,,,,,,,,,,,,,,,,,,,,,,,,,,,,,,,,,,,
5,12,336,C-55,R111. N62 1967 V.1,R895. A518 2009,Eisenhower C Level Reference,R120. N4 1958 V.1 QUARTO,R857. M3 E63 2004 V.2 QUARTO,Eisenhower C Level Reference,RA395. A3 S485 2008,RA1247. R33 L341 1987,Eisenhower C Level Reference,RA241. I75 1968 V.1 QUARTO,RA1242. P75 S49 1990 QUARTO,Eisenhower C Level Reference,RB155. T52 2001 QUARTO,RB155. T52 2001 QUARTO,Eisenhower C Level Reference,RC55. M55 18TH ED. 2006,RC953.7 J641 1993,Eisenhower C Level Reference,RC46. C42 2004 QUARTO,RC473. P78 A46 2008 QUARTO,Eisenhower C Level Reference,RJ506. B44 W65 2009,RJ506. B44 W65 2009,Eisenhower C Level Reference,RJ131. C585 2009 QUARTO,RJ131. C585 2009 QUARTO,Eisenhower C Level Reference,RK91. A582 A2013,RK91. A582 A2014,Eisenhower C Level Reference,RM300. D75 2015,RM671. A1 P48 35TH ED. 2014,Eisenhower C Level Reference,RM301.25 E53 2003 QUARTO,RM301.25 E53 2003 QUARTO,Eisenhower C Level Reference,RS55. Z85 2005,RS431. A6 B471 1980 V.13 PT.3,Eisenhower C Level Reference,RS189. P4251 1992 V.1 QUARTO,RS403. T43 2004 QUARTO,Eisenhower C Level Reference,S411. G214 1992,S585. M47 1998 PT.2,Eisenhower C Level Reference,,,,,,,,,,,,,,,,,,,,,,,,,,,,,,,,,,,,,,,,,,,,,,,,,,,,,,,,,,,,,,,,,,,,,,,,,,,,,,,,,,,,
5,13,337,C-56,TA350. H225 1998,TA2020. S65 2007,Eisenhower C Level Reference,TA350. M458 2007 SUPPL.2 QUARTO,TA1800. G84 2002 QUARTO,Eisenhower C Level Reference,,,,,,,,,,,,,,,,,,,,,,,,,,,,,,,,,,,,,,,,,,,,,,,,,,,,,,,,,,,,,,,,,,,,,,,,,,,,,,,,,,,,,,,,,,,,,,,,,,,,,,,,,,,,,,,,,,,,,,,,,,,
5,14,338,C-57,TC9. P641 1990,TC205. H33 2000,Eisenhower C Level Reference,TD9. P36 2001,TD1060. L44 2004,Eisenhower C Level Reference,TD9. E5 2006 V.1 QUARTO,TD1052. M381 1992 QUARTO,Eisenhower C Level Reference,TG145. B85 1999,TG335. B68 2004,Eisenhower C Level Reference,TH9. G35 1990,TH7007. K67 1995,Eisenhower C Level Reference,TH151.E6411994V.1 QUARTO,TH2031.R352000,Eisenhower C Level Reference,TJ145. W72 2004,TJ1075. M567 2000 V.2,Eisenhower C Level Reference,TJ159. L48 1997 QUARTO,TJ930. N363 2002 QUARTO,Eisenhower C Level Reference,TK153. K18 2009,TK9009. R67 2003,Eisenhower C Level Reference,TK146. G974 2007 QUARTO,TK8322. P463 2007 QUARTO,Eisenhower C Level Reference,TL151. S68 2005,TL1050. C87 2010,Eisenhower C Level Reference,TL788. E7713 1990 FOLIO,TL788. E7713 1990 FOLIO,Eisenhower C Level Reference,TN260. B541 1989,TN870.5 M4931 1989,Eisenhower C Level Reference,TN9. T45 1968 QUARTO,TN871.35 C63 1999 QUARTO,Eisenhower C Level Reference,,,,,,,,,,,,,,,,,,,,,,,,,,,,,,,,,,,,,,,,,,,,,,,,,,,,,,,,,,,,,,,,,,,,,,,,,,,,,,,,,,,,,,,
5,15,339,C-58,TP156. P3 H351 1989,TP1183. F6 M54 2007,Eisenhower C Level Reference,TP156. P83 P47 1997 QUARTO,TP1180. P68 M35 1998 QUARTO,Eisenhower C Level Reference,TR9. F6 1993,TR9. F6 1993,Eisenhower C Level Reference,TR9. H25 2008 V.1 QUARTO,TR642. E5 2006 V.3 QUARTO,Eisenhower C Level Reference,TS9. H571 1988,TS1540. H26 1998,Eisenhower C Level Reference,TS156.8 I56 2002 QUARTO,TS183. M382 2003 QUARTO,Eisenhower C Level Reference,TX349. M261 1983,TX406. S571 1994,Eisenhower C Level Reference,TX349. E45 2004 V.1 QUARTO,TX653. S57 2004 QUARTO,Eisenhower C Level Reference,U52. D531 1984 V.1,U52. W41 1978,Eisenhower C Level Reference,U52. S88 2004 V.1 QUARTO,U52. S88 2004 V.2 QUARTO,Eisenhower C Level Reference,VM605. O24 2001,VM605. O24 2001,Eisenhower C Level Reference,Z1006. G35 1997,Z7403. R88 1965 INDEX V.3 PT.2,Eisenhower C Level Reference,,,,,,,,,,,,,,,,,,,,,,,,,,,,,,,,,,,,,,,,,,,,,,,,,,,,,,,,,,,,,,,,,,,,,,,,,,,,,,,,,,,,,,,,,,,,,
6,0,340,C-59,QA76.59 A364 QUARTO,QA933. T441 1995 QUARTO,Eisenhower General Collection,QB1. A1767 2010,QB362. M3 D53 1996,Eisenhower General Collection,,,,,,,,,,,,,,,,,,,,,,,,,,,,,,,,,,,,,,,,,,,,,,,,,,,,,,,,,,,,,,,,,,,,,,,,,,,,,,,,,,,,,,,,,,,,,,,,,,,,,,,,,,,,,,,,,,,,,,,,,,,
6,1,341,C-60,QB362. M3 F761 1995,QB998. M3 1989,Eisenhower General Collection,QB1. A28593 1999 QUARTO,QB995. L83 1989 V .1 QUARTO,Eisenhower General Collection,QB995. U54 1976 V.1 FOLIO,QB995. U54 1976 V.6 FOLIO,Eisenhower General Collection,QC1. A12 1999,QC1. B79 1997 V.30 PT.21-24,Eisenhower General Collection,,,,,,,,,,,,,,,,,,,,,,,,,,,,,,,,,,,,,,,,,,,,,,,,,,,,,,,,,,,,,,,,,,,,,,,,,,,,,,,,,,,,,,,,,,,,,,,,,,,,,,,,,,,,,,,,,,,,,
6,2,342,C-61,QC1. B79 V.31 PT.1-6,QC1. O71 V.47,Eisenhower General Collection,,,,,,,,,,,,,,,,,,,,,,,,,,,,,,,,,,,,,,,,,,,,,,,,,,,,,,,,,,,,,,,,,,,,,,,,,,,,,,,,,,,,,,,,,,,,,,,,,,,,,,,,,,,,,,,,,,,,,,,,,,,,,,
6,3,343,C-62,QC1. O71 V.51,QC6.4 D8 D82,Eisenhower General Collection,,,,,,,,,,,,,,,,,,,,,,,,,,,,,,,,,,,,,,,,,,,,,,,,,,,,,,,,,,,,,,,,,,,,,,,,,,,,,,,,,,,,,,,,,,,,,,,,,,,,,,,,,,,,,,,,,,,,,,,,,,,,,,
6,4,344,C-63,QC6.4 F58 I56,QC145.2 F55 V.18,Eisenhower General Collection,,,,,,,,,,,,,,,,,,,,,,,,,,,,,,,,,,,,,,,,,,,,,,,,,,,,,,,,,,,,,,,,,,,,,,,,,,,,,,,,,,,,,,,,,,,,,,,,,,,,,,,,,,,,,,,,,,,,,,,,,,,,,,
6,5,345,C-64,QC145.2 F55 V.19,QC173.98 M441 V.2,Eisenhower General Collection,,,,,,,,,,,,,,,,,,,,,,,,,,,,,,,,,,,,,,,,,,,,,,,,,,,,,,,,,,,,,,,,,,,,,,,,,,,,,,,,,,,,,,,,,,,,,,,,,,,,,,,,,,,,,,,,,,,,,,,,,,,,,,
6,6,346,C-65,QC173.98 M441 V.5 PT.1,QC176. A1 S615 V.121-123,Eisenhower General Collection,,,,,,,,,,,,,,,,,,,,,,,,,,,,,,,,,,,,,,,,,,,,,,,,,,,,,,,,,,,,,,,,,,,,,,,,,,,,,,,,,,,,,,,,,,,,,,,,,,,,,,,,,,,,,,,,,,,,,,,,,,,,,,
6,7,347,C-66,QC176. A1 S615 V.124-125,QC243. N49,Eisenhower General Collection,,,,,,,,,,,,,,,,,,,,,,,,,,,,,,,,,,,,,,,,,,,,,,,,,,,,,,,,,,,,,,,,,,,,,,,,,,,,,,,,,,,,,,,,,,,,,,,,,,,,,,,,,,,,,,,,,,,,,,,,,,,,,,
6,8,348,C-67,QC243. O33,QC454. C634 C651,Eisenhower General Collection,,,,,,,,,,,,,,,,,,,,,,,,,,,,,,,,,,,,,,,,,,,,,,,,,,,,,,,,,,,,,,,,,,,,,,,,,,,,,,,,,,,,,,,,,,,,,,,,,,,,,,,,,,,,,,,,,,,,,,,,,,,,,,
6,9,349,C-68,QC454. C68 V.1 PT.A,QC711.8 B7 L341,Eisenhower General Collection,,,,,,,,,,,,,,,,,,,,,,,,,,,,,,,,,,,,,,,,,,,,,,,,,,,,,,,,,,,,,,,,,,,,,,,,,,,,,,,,,,,,,,,,,,,,,,,,,,,,,,,,,,,,,,,,,,,,,,,,,,,,,,
6,10,350,C-69,QC711.8 G5 G581,QC787. S34 I57,Eisenhower General Collection,,,,,,,,,,,,,,,,,,,,,,,,,,,,,,,,,,,,,,,,,,,,,,,,,,,,,,,,,,,,,,,,,,,,,,,,,,,,,,,,,,,,,,,,,,,,,,,,,,,,,,,,,,,,,,,,,,,,,,,,,,,,,,
6,11,351,C-70,QC787. S34 L571,QC811. J624 V.88 NO.1-6,Eisenhower General Collection,,,,,,,,,,,,,,,,,,,,,,,,,,,,,,,,,,,,,,,,,,,,,,,,,,,,,,,,,,,,,,,,,,,,,,,,,,,,,,,,,,,,,,,,,,,,,,,,,,,,,,,,,,,,,,,,,,,,,,,,,,,,,,
6,12,352,C-71,QC811. J624 V.88 NO.7-11,QC981.8 C5 F438,Eisenhower General Collection,,,,,,,,,,,,,,,,,,,,,,,,,,,,,,,,,,,,,,,,,,,,,,,,,,,,,,,,,,,,,,,,,,,,,,,,,,,,,,,,,,,,,,,,,,,,,,,,,,,,,,,,,,,,,,,,,,,,,,,,,,,,,,
6,13,353,C-72,QC981.8 C5 F45 1998,QC996.5 F67 2003,Eisenhower General Collection,QC1. A782 2010 QUARTO,QC980. C54 1991 QUARTO,Eisenhower General Collection,QC718. Z99661 1972 SUPPL.1 FOLIO,QC884.2 C5 A71 1992 FOLIO,Eisenhower General Collection,QD1. A282 1985 SER.A V.39,QD1. A523 2007 V.79 NO.7-9,Eisenhower General Collection,,,,,,,,,,,,,,,,,,,,,,,,,,,,,,,,,,,,,,,,,,,,,,,,,,,,,,,,,,,,,,,,,,,,,,,,,,,,,,,,,,,,,,,,,,,,,,,,,,,,,,,,,,,,,,,,,,,,,
6,14,354,C-73,QD1. A523 V.79 NO.10-12,QD1. C69 V.68 NO.5-8,Eisenhower General Collection,,,,,,,,,,,,,,,,,,,,,,,,,,,,,,,,,,,,,,,,,,,,,,,,,,,,,,,,,,,,,,,,,,,,,,,,,,,,,,,,,,,,,,,,,,,,,,,,,,,,,,,,,,,,,,,,,,,,,,,,,,,,,,
6,15,355,C-74,QD1. C69 V.68 NO.9-12,QD1. J887 V.122 NO.3-4,Eisenhower General Collection,,,,,,,,,,,,,,,,,,,,,,,,,,,,,,,,,,,,,,,,,,,,,,,,,,,,,,,,,,,,,,,,,,,,,,,,,,,,,,,,,,,,,,,,,,,,,,,,,,,,,,,,,,,,,,,,,,,,,,,,,,,,,,
6,16,356,C-75,QD1. J887 V.122 NO.5-6,QD1. J9 V.40 NO.9-17,Eisenhower General Collection,,,,,,,,,,,,,,,,,,,,,,,,,,,,,,,,,,,,,,,,,,,,,,,,,,,,,,,,,,,,,,,,,,,,,,,,,,,,,,,,,,,,,,,,,,,,,,,,,,,,,,,,,,,,,,,,,,,,,,,,,,,,,,
6,17,357,C-76,QD1. J9 V.40 NO.18-26,QD1. R58 V.50 NO.2-8,Eisenhower General Collection,,,,,,,,,,,,,,,,,,,,,,,,,,,,,,,,,,,,,,,,,,,,,,,,,,,,,,,,,,,,,,,,,,,,,,,,,,,,,,,,,,,,,,,,,,,,,,,,,,,,,,,,,,,,,,,,,,,,,,,,,,,,,,
7,0,359,C-77,QD1. R73.V54,QD1. Z46 V.214 NO.1-4,Eisenhower General Collection,,,,,,,,,,,,,,,,,,,,,,,,,,,,,,,,,,,,,,,,,,,,,,,,,,,,,,,,,,,,,,,,,,,,,,,,,,,,,,,,,,,,,,,,,,,,,,,,,,,,,,,,,,,,,,,,,,,,,,,,,,,,,,
7,1,360,C-78,QD1. Z46 V.214 NO.5-8,QD71. A635 V.42,Eisenhower General Collection,,,,,,,,,,,,,,,,,,,,,,,,,,,,,,,,,,,,,,,,,,,,,,,,,,,,,,,,,,,,,,,,,,,,,,,,,,,,,,,,,,,,,,,,,,,,,,,,,,,,,,,,,,,,,,,,,,,,,,,,,,,,,,
7,2,361,C-79,QD71. C39 V.14-15,QD172. R2 I581 V.2,Eisenhower General Collection,,,,,,,,,,,,,,,,,,,,,,,,,,,,,,,,,,,,,,,,,,,,,,,,,,,,,,,,,,,,,,,,,,,,,,,,,,,,,,,,,,,,,,,,,,,,,,,,,,,,,,,,,,,,,,,,,,,,,,,,,,,,,,
7,3,362,C-80,QD172. R2 L27,QD262. S9245 1995 NO.1-6,Eisenhower General Collection,,,,,,,,,,,,,,,,,,,,,,,,,,,,,,,,,,,,,,,,,,,,,,,,,,,,,,,,,,,,,,,,,,,,,,,,,,,,,,,,,,,,,,,,,,,,,,,,,,,,,,,,,,,,,,,,,,,,,,,,,,,,,,
7,4,363,C-81,QD262. S9245 1995 NO.7-12,QD399. H4 V.32 NO.8-10,Eisenhower General Collection,,,,,,,,,,,,,,,,,,,,,,,,,,,,,,,,,,,,,,,,,,,,,,,,,,,,,,,,,,,,,,,,,,,,,,,,,,,,,,,,,,,,,,,,,,,,,,,,,,,,,,,,,,,,,,,,,,,,,,,,,,,,,,
7,5,364,C-82,QD399. H4 V.32 NO.11-12,QD453. A3 V.82 PT.2,Eisenhower General Collection,,,,,,,,,,,,,,,,,,,,,,,,,,,,,,,,,,,,,,,,,,,,,,,,,,,,,,,,,,,,,,,,,,,,,,,,,,,,,,,,,,,,,,,,,,,,,,,,,,,,,,,,,,,,,,,,,,,,,,,,,,,,,,
7,6,365,C-83,QD453. A3 V.83,QD505. H63 V.2,Eisenhower General Collection,,,,,,,,,,,,,,,,,,,,,,,,,,,,,,,,,,,,,,,,,,,,,,,,,,,,,,,,,,,,,,,,,,,,,,,,,,,,,,,,,,,,,,,,,,,,,,,,,,,,,,,,,,,,,,,,,,,,,,,,,,,,,,
7,7,366,C-84,QD505. H67,QD716. P45 P461,Eisenhower General Collection,,,,,,,,,,,,,,,,,,,,,,,,,,,,,,,,,,,,,,,,,,,,,,,,,,,,,,,,,,,,,,,,,,,,,,,,,,,,,,,,,,,,,,,,,,,,,,,,,,,,,,,,,,,,,,,,,,,,,,,,,,,,,,
7,8,367,C-85,QD716. P47 O74 1999 V.1,QD981. R6,Eisenhower General Collection,QD3. P38 2001 V.1 QUARTO,QD281. P6 B68 1974 QUARTO,Eisenhower General Collection,,,,,,,,,,,,,,,,,,,,,,,,,,,,,,,,,,,,,,,,,,,,,,,,,,,,,,,,,,,,,,,,,,,,,,,,,,,,,,,,,,,,,,,,,,,,,,,,,,,,,,,,,,,,,,,,,,,,,,,,,,,
7,9,368,C-86,QD291. I571 1993 QUARTO,QD931. C47 1972 V.4 QUARTO,Eisenhower General Collection,QD8. P4 1980 FOLIO,QD8. P4 1980 FOLIO,Eisenhower General Collection,QE1. A17 1980-82 V.15-17,QE1. G65 2004 V.41-42,Eisenhower General Collection,,,,,,,,,,,,,,,,,,,,,,,,,,,,,,,,,,,,,,,,,,,,,,,,,,,,,,,,,,,,,,,,,,,,,,,,,,,,,,,,,,,,,,,,,,,,,,,,,,,,,,,,,,,,,,,,,,,,,,,,
7,10,369,C-87,QE1. G65 V.43-46,QE11. E26 V.8-9,Eisenhower General Collection,,,,,,,,,,,,,,,,,,,,,,,,,,,,,,,,,,,,,,,,,,,,,,,,,,,,,,,,,,,,,,,,,,,,,,,,,,,,,,,,,,,,,,,,,,,,,,,,,,,,,,,,,,,,,,,,,,,,,,,,,,,,,,
7,11,370,C-88,QE11. E26 V.10-11,QE75. W3 NO.1728-1730,Eisenhower General Collection,,,,,,,,,,,,,,,,,,,,,,,,,,,,,,,,,,,,,,,,,,,,,,,,,,,,,,,,,,,,,,,,,,,,,,,,,,,,,,,,,,,,,,,,,,,,,,,,,,,,,,,,,,,,,,,,,,,,,,,,,,,,,,
7,12,371,C-89,QE75. W3 NO.1731-1732,QE295. A23 SER.6,Eisenhower General Collection,,,,,,,,,,,,,,,,,,,,,,,,,,,,,,,,,,,,,,,,,,,,,,,,,,,,,,,,,,,,,,,,,,,,,,,,,,,,,,,,,,,,,,,,,,,,,,,,,,,,,,,,,,,,,,,,,,,,,,,,,,,,,,
7,13,372,C-90,QE295. A23 SER.7,QE501.4 N9 H361 1980 V.1,Eisenhower General Collection,,,,,,,,,,,,,,,,,,,,,,,,,,,,,,,,,,,,,,,,,,,,,,,,,,,,,,,,,,,,,,,,,,,,,,,,,,,,,,,,,,,,,,,,,,,,,,,,,,,,,,,,,,,,,,,,,,,,,,,,,,,,,,
7,14,373,C-91,QE501.4 N9 H361 1980 V.2,QE701. P155 ABT.B 1974-75 V.149-150B,Eisenhower General Collection,,,,,,,,,,,,,,,,,,,,,,,,,,,,,,,,,,,,,,,,,,,,,,,,,,,,,,,,,,,,,,,,,,,,,,,,,,,,,,,,,,,,,,,,,,,,,,,,,,,,,,,,,,,,,,,,,,,,,,,,,,,,,,
7,15,374,C-92,QE701. P155 ABT.B 1975 V.151B,QE996. K43 1986 PT.2,Eisenhower General Collection,QE1. A441 1990 QUARTO,QE626. P481 1994 QUARTO,Eisenhower General Collection,,,,,,,,,,,,,,,,,,,,,,,,,,,,,,,,,,,,,,,,,,,,,,,,,,,,,,,,,,,,,,,,,,,,,,,,,,,,,,,,,,,,,,,,,,,,,,,,,,,,,,,,,,,,,,,,,,,,,,,,,,,
8,0,375,C-93,QE627.5 A4 A28 2008 QUARTO,QE993. S431 1994 QUARTO,Eisenhower General Collection,QE65. B49 FOLIO,QE729. J79 FOLIO,Eisenhower General Collection,QH1. A51 1979-80 V.165-166,QH211. W97 1949,Eisenhower General Collection,,,,,,,,,,,,,,,,,,,,,,,,,,,,,,,,,,,,,,,,,,,,,,,,,,,,,,,,,,,,,,,,,,,,,,,,,,,,,,,,,,,,,,,,,,,,,,,,,,,,,,,,,,,,,,,,,,,,,,,,
8,1,376,C-94,QH211. W972 1958,QH301. G35 1989 V.25 NO.1-6,Eisenhower General Collection,,,,,,,,,,,,,,,,,,,,,,,,,,,,,,,,,,,,,,,,,,,,,,,,,,,,,,,,,,,,,,,,,,,,,,,,,,,,,,,,,,,,,,,,,,,,,,,,,,,,,,,,,,,,,,,,,,,,,,,,,,,,,,
8,2,377,C-95,QH301. G35 1989 V.25 NO.7-12,QH301. J823 2004 V.279 PP.48487-49562,Eisenhower General Collection,,,,,,,,,,,,,,,,,,,,,,,,,,,,,,,,,,,,,,,,,,,,,,,,,,,,,,,,,,,,,,,,,,,,,,,,,,,,,,,,,,,,,,,,,,,,,,,,,,,,,,,,,,,,,,,,,,,,,,,,,,,,,,
8,3,378,C-96,QH301. J823 2004 V.279 PP.49563-50638,QH366.2 F871 1986,Eisenhower General Collection,,,,,,,,,,,,,,,,,,,,,,,,,,,,,,,,,,,,,,,,,,,,,,,,,,,,,,,,,,,,,,,,,,,,,,,,,,,,,,,,,,,,,,,,,,,,,,,,,,,,,,,,,,,,,,,,,,,,,,,,,,,,,,
8,4,379,C-97,QH366.2 F881 1983,QH540. A675 1999,Eisenhower General Collection,,,,,,,,,,,,,,,,,,,,,,,,,,,,,,,,,,,,,,,,,,,,,,,,,,,,,,,,,,,,,,,,,,,,,,,,,,,,,,,,,,,,,,,,,,,,,,,,,,,,,,,,,,,,,,,,,,,,,,,,,,,,,,
8,5,380,C-98,QH540. A8 1984-85 V.9-10,QH601. C84 1989 V.34,Eisenhower General Collection,,,,,,,,,,,,,,,,,,,,,,,,,,,,,,,,,,,,,,,,,,,,,,,,,,,,,,,,,,,,,,,,,,,,,,,,,,,,,,,,,,,,,,,,,,,,,,,,,,,,,,,,,,,,,,,,,,,,,,,,,,,,,,
8,6,381,C-99,QH601. C84 1990 V.35,QH705. C41 2005,Eisenhower General Collection,QH11. A75 2001 QUARTO,QH652. N3 1956 QUARTO,Eisenhower General Collection,QK1. A18 1985 V.27,QK96. I63 2005,Eisenhower General Collection,,,,,,,,,,,,,,,,,,,,,,,,,,,,,,,,,,,,,,,,,,,,,,,,,,,,,,,,,,,,,,,,,,,,,,,,,,,,,,,,,,,,,,,,,,,,,,,,,,,,,,,,,,,,,,,,,,,,,,,,
8,7,382,C-100,QK96. J118 1916,QK996. J47,Eisenhower General Collection,QK5. B681 1989 QUARTO,QK981.5 T73 1998X QUARTO,Eisenhower General Collection,QK261. D44 1943 FOLIO,QK473. H4 D67 1966 FOLIO,Eisenhower General Collection,,,,,,,,,,,,,,,,,,,,,,,,,,,,,,,,,,,,,,,,,,,,,,,,,,,,,,,,,,,,,,,,,,,,,,,,,,,,,,,,,,,,,,,,,,,,,,,,,,,,,,,,,,,,,,,,,,,,,,,,
8,8,383,C-101,QL1. A6 1841 INDEX,QL723. C23 B261 1993,Eisenhower General Collection,,,,,,,,,,,,,,,,,,,,,,,,,,,,,,,,,,,,,,,,,,,,,,,,,,,,,,,,,,,,,,,,,,,,,,,,,,,,,,,,,,,,,,,,,,,,,,,,,,,,,,,,,,,,,,,,,,,,,,,,,,,,,,
8,9,384,C-102,QL737. C23 C345 2002,QL981. O74 1999,Eisenhower General Collection,QL31. A9 B65 2000 QUARTO,QL991. S48 2010 QUARTO,Eisenhower General Collection,QL937. P389 1982 FOLIO,QL937. P389 1982 FOLIO,Eisenhower General Collection,QM1. J6 INDEX 1866-1966,QM699. P313 1982,Eisenhower General Collection,QM11. V64 2004 QUARTO,QM101. V47 1998 QUARTO,Eisenhower General Collection,,,,,,,,,,,,,,,,,,,,,,,,,,,,,,,,,,,,,,,,,,,,,,,,,,,,,,,,,,,,,,,,,,,,,,,,,,,,,,,,,,,,,,,,,,,,,,,,,,,,,,,,,,,,,,,,,,
8,10,385,C-103,QM105. R53 2011 QUARTO,QM691. S53 2004 QUARTO,Eisenhower General Collection,QP1. J77 1974 V.15,QP361. K8 1992,Eisenhower General Collection,,,,,,,,,,,,,,,,,,,,,,,,,,,,,,,,,,,,,,,,,,,,,,,,,,,,,,,,,,,,,,,,,,,,,,,,,,,,,,,,,,,,,,,,,,,,,,,,,,,,,,,,,,,,,,,,,,,,,,,,,,,
8,11,386,C-104,QP361. N37 1997,QP517. R4 K56 1981,Eisenhower General Collection,,,,,,,,,,,,,,,,,,,,,,,,,,,,,,,,,,,,,,,,,,,,,,,,,,,,,,,,,,,,,,,,,,,,,,,,,,,,,,,,,,,,,,,,,,,,,,,,,,,,,,,,,,,,,,,,,,,,,,,,,,,,,,
8,12,387,C-105,QP517. R48 Y361 1989,QP751. L5474 2010,Eisenhower General Collection,,,,,,,,,,,,,,,,,,,,,,,,,,,,,,,,,,,,,,,,,,,,,,,,,,,,,,,,,,,,,,,,,,,,,,,,,,,,,,,,,,,,,,,,,,,,,,,,,,,,,,,,,,,,,,,,,,,,,,,,,,,,,,
8,13,388,C-106,QP751. L555581 1986,QP981. C25 C37 1975 V.2,Eisenhower General Collection,QP1. P521 1995 QUARTO,QP951. P441 1971 V.1 QUARTO,Eisenhower General Collection,QR1. C47 1982-85 V.10-11,QR502. P745 2004,Eisenhower General Collection,QR1. J574 2000 V.88 SUPPL. QUARTO,QR82. S7 S7 2001 QUARTO,Eisenhower General Collection,,,,,,,,,,,,,,,,,,,,,,,,,,,,,,,,,,,,,,,,,,,,,,,,,,,,,,,,,,,,,,,,,,,,,,,,,,,,,,,,,,,,,,,,,,,,,,,,,,,,,,,,,,,,,,,,,,,,,
8,14,389,C-107,QR82. S78 B56 1997 QUARTO,QR398.5 O741 1992 QUARTO,Eisenhower General Collection,R11. B7 INDEX V.299-308,R506. P3 W451 1993,Eisenhower General Collection,,,,,,,,,,,,,,,,,,,,,,,,,,,,,,,,,,,,,,,,,,,,,,,,,,,,,,,,,,,,,,,,,,,,,,,,,,,,,,,,,,,,,,,,,,,,,,,,,,,,,,,,,,,,,,,,,,,,,,,,,,,
8,15,390,C-108,R507. B75 S35 1979,R920. M431 1994,Eisenhower General Collection,R100. I48 QUARTO,R856. A2 B55 2009 PT.A QUARTO,Eisenhower General Collection,,,,,,,,,,,,,,,,,,,,,,,,,,,,,,,,,,,,,,,,,,,,,,,,,,,,,,,,,,,,,,,,,,,,,,,,,,,,,,,,,,,,,,,,,,,,,,,,,,,,,,,,,,,,,,,,,,,,,,,,,,,
8,16,391,C-109,R856. A2 B55 2009 PT.B QUARTO,R895. H4 2002 QUARTO,Eisenhower General Collection,RA5. K66 B46 2001,RA644.6 C67 2001,Eisenhower General Collection,,,,,,,,,,,,,,,,,,,,,,,,,,,,,,,,,,,,,,,,,,,,,,,,,,,,,,,,,,,,,,,,,,,,,,,,,,,,,,,,,,,,,,,,,,,,,,,,,,,,,,,,,,,,,,,,,,,,,,,,,,,
8,17,392,C-110,RA644.6 D57 2009,RA1270. P4 W451 1974,Eisenhower General Collection,RA11. D6 N4 1998 QUARTO,RA1270. V47 J683 2011 QUARTO,Eisenhower General Collection,RB6. M3 1965,RB212. S49 1998,Eisenhower General Collection,RB37. C181 1977 SECT.A V.1 QUARTO,RB155.8 G468 2009 QUARTO,Eisenhower General Collection,RC41. C365 2005,RC318. F8 B371 1995,Eisenhower General Collection,,,,,,,,,,,,,,,,,,,,,,,,,,,,,,,,,,,,,,,,,,,,,,,,,,,,,,,,,,,,,,,,,,,,,,,,,,,,,,,,,,,,,,,,,,,,,,,,,,,,,,,,,,,,,,,,,,
8,18,393,C-111,RC321. A276.V86,RC481. P87 2004,Eisenhower General Collection,,,,,,,,,,,,,,,,,,,,,,,,,,,,,,,,,,,,,,,,,,,,,,,,,,,,,,,,,,,,,,,,,,,,,,,,,,,,,,,,,,,,,,,,,,,,,,,,,,,,,,,,,,,,,,,,,,,,,,,,,,,,,,
8,19,394,C-112,RC481. R6 1987,RC607. A26 W574 1996,Eisenhower General Collection,,,,,,,,,,,,,,,,,,,,,,,,,,,,,,,,,,,,,,,,,,,,,,,,,,,,,,,,,,,,,,,,,,,,,,,,,,,,,,,,,,,,,,,,,,,,,,,,,,,,,,,,,,,,,,,,,,,,,,,,,,,,,,
8,20,395,C-113,RC607. A26 W631 1991,RC1235. W56 2004,Eisenhower General Collection,RC49. M523 1993 QUARTO,RC1130. S77 1998 QUARTO,Eisenhower General Collection,RD19. C38 1968,RD798. M48 2015,Eisenhower General Collection,RD29. A55 X1998 QUARTO,RD792.5 C65 1986 PT.5 QUARTO,Eisenhower General Collection,RE30. E3 M37 1994,RE986. B3 1972,Eisenhower General Collection,RE75. N651 1992 QUARTO,RE961. K435 2002 QUARTO,Eisenhower General Collection,RF126. I571 1983,RF512. H571 1981,Eisenhower General Collection,RG14. U6 R881 1978,RG986. I4 K37 2009,Eisenhower General Collection,RG493.5 D52 I4 2005 QUARTO,RG965. P6 N37 1994 QUARTO,Eisenhower General Collection,RJ28. C5 W551 1992,RJ506. A9 R391 1980,Eisenhower General Collection,,,,,,,,,,,,,,,,,,,,,,,,,,,,,,,,,,,,,,,,,,,,,,,,,,,,,,,,,,,,,,,,,,,,,,,,,,,,,,,,,,,,,,,,,,,,,,,,,,,
8,21,396,C-114,RJ506. A9 R64 2010,RJ560. B45 2012,Eisenhower General Collection,RJ45. T4331 1991 QUARTO,RJ507. S49 G76 2000 QUARTO,Eisenhower General Collection,RK52.2 U8 2009,RK685. L37 F86 2007,Eisenhower General Collection,RK54. E88 2001 QUARTO,RK667. I45 E87 2001 QUARTO,Eisenhower General Collection,RL72. C67 1981,RL803. S874 2011,Eisenhower General Collection,RM33.5 A67 1996,RM950. P67 2000,Eisenhower General Collection,RM143. Z9 U5 1972 QUARTO,RM930. P48 2001 QUARTO,Eisenhower General Collection,RS57. S81 1994,RS431. S78 Z441 1990,Eisenhower General Collection,RS61. B58513 1983 QUARTO,RS164. P499 1997 QUARTO,Eisenhower General Collection,RT4. D357 2010,RT131. N3251 1982,Eisenhower General Collection,RT80. M32 B346 2006 QUARTO,RT98. T677 2005 QUARTO,Eisenhower General Collection,RX51. K38 1971,RX81. U461 1994,Eisenhower General Collection,RZ225. U6 M661 1993,RZ408. H53 D62 1992,Eisenhower General Collection,S1. A15 V.32 INDEX V.1-30,S593. M36 1996,Eisenhower General Collection,,,,,,,,,,,,,,,,,,,,,,,,,,,,,,,,,,,,,,,,,,,,,,,,,,,,,,,,,,,,,,,,,,,,,,,,,,,,,,,,,,,,,,,
8,22,397,C-115,S593. M4415 1996,S962. C87 1972,Eisenhower General Collection,S20.5 U65 1978 V.1 QUARTO,S938. O87 2002 QUARTO,Eisenhower General Collection,SB16. A23 I57 1996,SB994. C8 W33 1972,Eisenhower General Collection,SB63. C65 O54 2008 QUARTO,SB994. P72 U48 1972 QUARTO,Eisenhower General Collection,SB458. I8331 1984 FOLIO,SB466. I82 R663 1994 FOLIO,Eisenhower General Collection,SD1. A52 1996-98 V.102-103,SD669. S76 2001,Eisenhower General Collection,SD12. M3 A22 1940 QUARTO,SD561. W35 2002 QUARTO,Eisenhower General Collection,SF1. E8 1999 NO.96,SF997.5 R2 F38 1999,Eisenhower General Collection,SF55. I8 M33 2004 QUARTO,SF996. S94 1978 QUARTO,Eisenhower General Collection,SH1. A39 NO.1,SH1. W592 2010,Eisenhower General Collection,,,,,,,,,,,,,,,,,,,,,,,,,,,,,,,,,,,,,,,,,,,,,,,,,,,,,,,,,,,,,,,,,,,,,,,,,,,,,,,,,,,,,,,,,,,,,,,,,,,
8,23,398,C-116,SH19. C35 1968 NO.162,SH689.3 K37 1997,Eisenhower General Collection,SH3. F65 2012 QUARTO,SH421. P47 2001 QUARTO,Eisenhower General Collection,SK14. G85 1998,SK606. M47 1973,Eisenhower General Collection,SK1. W683 1953 QUARTO,SK361. W49 2015 QUARTO,Eisenhower General Collection,T1. F825 F7 1987,T57.5 O63 1973,Eisenhower General Collection,,,,,,,,,,,,,,,,,,,,,,,,,,,,,,,,,,,,,,,,,,,,,,,,,,,,,,,,,,,,,,,,,,,,,,,,,,,,,,,,,,,,,,,,,,,,,,,,,,,,,,,,,,,,,,,,,,
8,24,399,C-117,T57.6 A1 A5 1984 V.1,T940. B1 W27 1997,Eisenhower General Collection,T6. I531 1975 QUARTO,T55.3 H3 S3 1996 V.3 QUARTO,Eisenhower General Collection,,,,,,,,,,,,,,,,,,,,,,,,,,,,,,,,,,,,,,,,,,,,,,,,,,,,,,,,,,,,,,,,,,,,,,,,,,,,,,,,,,,,,,,,,,,,,,,,,,,,,,,,,,,,,,,,,,,,,,,,,,,
8,25,400,C-118,T55.3 H3 S85 1986 QUARTO,T860. B1 I53 1996 QUARTO,Eisenhower General Collection,TA1. A49 1973 V.99,TA347. F5 H571 1979,Eisenhower General Collection,,,,,,,,,,,,,,,,,,,,,,,,,,,,,,,,,,,,,,,,,,,,,,,,,,,,,,,,,,,,,,,,,,,,,,,,,,,,,,,,,,,,,,,,,,,,,,,,,,,,,,,,,,,,,,,,,,,,,,,,,,,
8,26,401,C-119,TA347. F5 H83 1975,TA404.5 A451 1982 V.2,Eisenhower General Collection,,,,,,,,,,,,,,,,,,,,,,,,,,,,,,,,,,,,,,,,,,,,,,,,,,,,,,,,,,,,,,,,,,,,,,,,,,,,,,,,,,,,,,,,,,,,,,,,,,,,,,,,,,,,,,,,,,,,,,,,,,,,,,
8,27,402,C-120,LOCKERS,LOCKERS,,,,,,,,,,,,,,,,,,,,,,,,,,,,,,,,,,,,,,,,,,,,,,,,,,,,,,,,,,,,,,,,,,,,,,,,,,,,,,,,,,,,,,,,,,,,,,,,,,,,,,,,,,,,,,,,,,,,,,,,,,,,,,,
9,0,403,C-121,LOCKERS,LOCKERS,,,,,,,,,,,,,,,,,,,,,,,,,,,,,,,,,,,,,,,,,,,,,,,,,,,,,,,,,,,,,,,,,,,,,,,,,,,,,,,,,,,,,,,,,,,,,,,,,,,,,,,,,,,,,,,,,,,,,,,,,,,,,,,
9,1,404,C-122,TA404.8 C48 1996,TA418.9 C6 F78 2002,Eisenhower General Collection,,,,,,,,,,,,,,,,,,,,,,,,,,,,,,,,,,,,,,,,,,,,,,,,,,,,,,,,,,,,,,,,,,,,,,,,,,,,,,,,,,,,,,,,,,,,,,,,,,,,,,,,,,,,,,,,,,,,,,,,,,,,,,
9,2,405,C-123,TA418.9 C6 F86 2004,TA645. A43 2005,Eisenhower General Collection,,,,,,,,,,,,,,,,,,,,,,,,,,,,,,,,,,,,,,,,,,,,,,,,,,,,,,,,,,,,,,,,,,,,,,,,,,,,,,,,,,,,,,,,,,,,,,,,,,,,,,,,,,,,,,,,,,,,,,,,,,,,,,
9,3,406,C-124,TA645. A67 1990,TA705. R43 V.13,Eisenhower General Collection,,,,,,,,,,,,,,,,,,,,,,,,,,,,,,,,,,,,,,,,,,,,,,,,,,,,,,,,,,,,,,,,,,,,,,,,,,,,,,,,,,,,,,,,,,,,,,,,,,,,,,,,,,,,,,,,,,,,,,,,,,,,,,
9,4,407,C-125,TA705. R587 1996,TA5105. A1 S36 2004,Eisenhower General Collection,TA5. A651 1993 QUARTO,TA418.9 S62 J641 1990 QUARTO,Eisenhower General Collection,,,,,,,,,,,,,,,,,,,,,,,,,,,,,,,,,,,,,,,,,,,,,,,,,,,,,,,,,,,,,,,,,,,,,,,,,,,,,,,,,,,,,,,,,,,,,,,,,,,,,,,,,,,,,,,,,,,,,,,,,,,
9,5,408,C-126,LOCKERS,LOCKERS,,,,,,,,,,,,,,,,,,,,,,,,,,,,,,,,,,,,,,,,,,,,,,,,,,,,,,,,,,,,,,,,,,,,,,,,,,,,,,,,,,,,,,,,,,,,,,,,,,,,,,,,,,,,,,,,,,,,,,,,,,,,,,,
10,0,409,C-127,TA418.9 S62 U21 1998 QUARTO,TA2020. C454 2003 QUARTO,Eisenhower General Collection,TC1. A5 1985 V.38 PT.1-12,TC1703. T461 1989,Eisenhower General Collection,TC15. A73 2012 QUARTO,TC1800. N351 1994 QUARTO,Eisenhower General Collection,TD1. A4 1985 V.100,TD145. M38,Eisenhower General Collection,,,,,,,,,,,,,,,,,,,,,,,,,,,,,,,,,,,,,,,,,,,,,,,,,,,,,,,,,,,,,,,,,,,,,,,,,,,,,,,,,,,,,,,,,,,,,,,,,,,,,,,,,,,,,,,,,,,,,
10,1,410,C-128,TD145. M55 1960,TD885.5 C66 P65 1999,Eisenhower General Collection,,,,,,,,,,,,,,,,,,,,,,,,,,,,,,,,,,,,,,,,,,,,,,,,,,,,,,,,,,,,,,,,,,,,,,,,,,,,,,,,,,,,,,,,,,,,,,,,,,,,,,,,,,,,,,,,,,,,,,,,,,,,,,
10,2,411,C-129,TD885.5 G73 A39 1995,TD1066. O73 N38 1999,Eisenhower General Collection,TD5. E541 1994 QUARTO,TD1066. P47 E58 2009 V.3 QUARTO,Eisenhower General Collection,TE1. A3 N35 2001,TE323. A45 1960,Eisenhower General Collection,TE8. U5 1949 QUARTO,TE279. R371 1990 QUARTO,Eisenhower General Collection,TE175. A65 1966 FOLIO,TE175. A65 1966 FOLIO,Eisenhower General Collection,TF9. D68 2006,TF1460. T73 2009,Eisenhower General Collection,TF15. L68 2004 QUARTO,TF1323. T63 2011 QUARTO,Eisenhower General Collection,TG1. P76 2003-04 V.156-157,TG500. P23 1947,Eisenhower General Collection,TG5. I52 1995 V.1 QUARTO,TG416. T76 1967 QUARTO,Eisenhower General Collection,TH1. S77 1992-93 V.1-2,TH9737. M3724 1998,Eisenhower General Collection,TH15. E87 2006 QUARTO,TH9705. B85 2005 QUARTO,Eisenhower General Collection,TJ1. A21 NO.118,TJ1. I504 PT.C 2004 V.218 PT.1-6,Eisenhower General Collection,,,,,,,,,,,,,,,,,,,,,,,,,,,,,,,,,,,,,,,,,,,,,,,,,,,,,,,,,,,,,,,,,,,,,,,,,,,,,,,,,,,,,,,,,,,,,
10,3,412,C-130,TJ1. I504 PT.C 2004 V.218 PT.7-9,TJ170. H84 1959,Eisenhower General Collection,,,,,,,,,,,,,,,,,,,,,,,,,,,,,,,,,,,,,,,,,,,,,,,,,,,,,,,,,,,,,,,,,,,,,,,,,,,,,,,,,,,,,,,,,,,,,,,,,,,,,,,,,,,,,,,,,,,,,,,,,,,,,,
10,4,413,C-131,TJ170. H85 1958,TJ840. K56 1966,Eisenhower General Collection,,,,,,,,,,,,,,,,,,,,,,,,,,,,,,,,,,,,,,,,,,,,,,,,,,,,,,,,,,,,,,,,,,,,,,,,,,,,,,,,,,,,,,,,,,,,,,,,,,,,,,,,,,,,,,,,,,,,,,,,,,,,,,
10,5,414,C-132,TJ840. K761 1994,TJ1793. S79,Eisenhower General Collection,TJ1. A75 1880-1956 QUARTO,TJ1557. W46 1988 QUARTO,Eisenhower General Collection,TJ183. H7 1951 FOLIO,TJ183. H7 1951 FOLIO,Eisenhower General Collection,TK1. B43 INDEX 1922-31 V.1-10,TK5102.9 D541 1993,Eisenhower General Collection,,,,,,,,,,,,,,,,,,,,,,,,,,,,,,,,,,,,,,,,,,,,,,,,,,,,,,,,,,,,,,,,,,,,,,,,,,,,,,,,,,,,,,,,,,,,,,,,,,,,,,,,,,,,,,,,,,,,,
10,6,415,C-133,TK5102.9 D58 2002,TK5105.888 13.L69 2006,Eisenhower General Collection,,,,,,,,,,,,,,,,,,,,,,,,,,,,,,,,,,,,,,,,,,,,,,,,,,,,,,,,,,,,,,,,,,,,,,,,,,,,,,,,,,,,,,,,,,,,,,,,,,,,,,,,,,,,,,,,,,,,,,,,,,,,,,
10,7,416,C-134,STAGING AREA,STAGING AREA,,,,,,,,,,,,,,,,,,,,,,,,,,,,,,,,,,,,,,,,,,,,,,,,,,,,,,,,,,,,,,,,,,,,,,,,,,,,,,,,,,,,,,,,,,,,,,,,,,,,,,,,,,,,,,,,,,,,,,,,,,,,,,,
10,8,417,C-135,STAGING AREA,STAGING AREA,,,,,,,,,,,,,,,,,,,,,,,,,,,,,,,,,,,,,,,,,,,,,,,,,,,,,,,,,,,,,,,,,,,,,,,,,,,,,,,,,,,,,,,,,,,,,,,,,,,,,,,,,,,,,,,,,,,,,,,,,,,,,,,
10,9,418,C-136,TK5105.888 13.M4 2004,TK7878.4 D381 1990,Eisenhower General Collection,,,,,,,,,,,,,,,,,,,,,,,,,,,,,,,,,,,,,,,,,,,,,,,,,,,,,,,,,,,,,,,,,,,,,,,,,,,,,,,,,,,,,,,,,,,,,,,,,,,,,,,,,,,,,,,,,,,,,,,,,,,,,,
10,10,419,C-137,TK7878.4 E551 1995,TK9969. P5641 1991,Eisenhower General Collection,TK85. E25 1963 QUARTO,TK9400. N294 2008 QUARTO,Eisenhower General Collection,TL1. S64 1989 V.97 NO.1-6,TL521.312 A221 1981 SUPPL. INDEX V.144,Eisenhower General Collection,,,,,,,,,,,,,,,,,,,,,,,,,,,,,,,,,,,,,,,,,,,,,,,,,,,,,,,,,,,,,,,,,,,,,,,,,,,,,,,,,,,,,,,,,,,,,,,,,,,,,,,,,,,,,,,,,,,,,,,,
10,11,420,C-138,TL521.312 B551 1994,TL4027. F52 J6377 2002,Eisenhower General Collection,TL1. S665 2011 NO.2297 QUARTO,TL4026. S77 2000X QUARTO,Eisenhower General Collection,TL795.5 S4841 1987 FOLIO,TL795.5 S4841 1987 FOLIO,Eisenhower General Collection,TN1. A2 1985 V.33 NO.1-6,TN1. M42 V.51 PT.2,Eisenhower General Collection,,,,,,,,,,,,,,,,,,,,,,,,,,,,,,,,,,,,,,,,,,,,,,,,,,,,,,,,,,,,,,,,,,,,,,,,,,,,,,,,,,,,,,,,,,,,,,,,,,,,,,,,,,,,,,,,,,,,,
10,12,421,C-139,TN2. A61,TN997. S24 D63 2009,Eisenhower General Collection,TN9. E74 1975 QUARTO,TN4311. B85 1998 QUARTO,Eisenhower General Collection,TP1. A22 1973,TP1. J55 2003 V.36 PT.8-12,Eisenhower General Collection,,,,,,,,,,,,,,,,,,,,,,,,,,,,,,,,,,,,,,,,,,,,,,,,,,,,,,,,,,,,,,,,,,,,,,,,,,,,,,,,,,,,,,,,,,,,,,,,,,,,,,,,,,,,,,,,,,,,,,,,
10,13,422,C-140,TP1. Z6313 1985 V.58 PT.1-4,TP350. G76 1998,Eisenhower General Collection,,,,,,,,,,,,,,,,,,,,,,,,,,,,,,,,,,,,,,,,,,,,,,,,,,,,,,,,,,,,,,,,,,,,,,,,,,,,,,,,,,,,,,,,,,,,,,,,,,,,,,,,,,,,,,,,,,,,,,,,,,,,,,
10,14,423,C-141,TP350. L68,TP1185. P5 S59 1997,Eisenhower General Collection,TP5. F761 1984 V.1 QUARTO,TP1183. F6 W64 1990 QUARTO,Eisenhower General Collection,TR1. P59 1985-86 V.29-30,TR654. A734 2005,Eisenhower General Collection,,,,,,,,,,,,,,,,,,,,,,,,,,,,,,,,,,,,,,,,,,,,,,,,,,,,,,,,,,,,,,,,,,,,,,,,,,,,,,,,,,,,,,,,,,,,,,,,,,,,,,,,,,,,,,,,,,,,,,,,
10,15,424,C-142,TR654. A745 2004,TR1045. S341 1988,Eisenhower General Collection,TR6. A1 C78 2003 QUARTO,TR980. M65 2003 QUARTO,Eisenhower General Collection,TR95. U95 M52 2002 FOLIO,TR820.6 N34 1999 FOLIO,Eisenhower General Collection,TS1. C4 1985-86 V.27-28,TS1. R4923 1998 V.32,Eisenhower General Collection,,,,,,,,,,,,,,,,,,,,,,,,,,,,,,,,,,,,,,,,,,,,,,,,,,,,,,,,,,,,,,,,,,,,,,,,,,,,,,,,,,,,,,,,,,,,,,,,,,,,,,,,,,,,,,,,,,,,,
11,0,425,C-143,TS1. R4924 1985-86 V.19-20,TS6535. T471 1987,Eisenhower General Collection,TS23. W551 1986 QUARTO,TS2260. S78 1997 QUARTO,Eisenhower General Collection,,,,,,,,,,,,,,,,,,,,,,,,,,,,,,,,,,,,,,,,,,,,,,,,,,,,,,,,,,,,,,,,,,,,,,,,,,,,,,,,,,,,,,,,,,,,,,,,,,,,,,,,,,,,,,,,,,,,,,,,,,,
14,0,439,C-144,TT9. L491 1990,TT985. W231 1978,Eisenhower General Collection,TT23. T86 1999 QUARTO,TT920. O84 2002 QUARTO,Eisenhower General Collection,TX15. B985 2008,TX1107.2 V8 B87 1996,Eisenhower General Collection,TX4. M33 1981 QUARTO,TX945. R47 2006 QUARTO,Eisenhower General Collection,TZ357. G55 2014 QUARTO,TZ357. G55 2014 QUARTO,Eisenhower General Collection,U1. M4 2013 V.77 PT.1-2,U897. I4 K48 2004,Eisenhower General Collection,U13. U62 P67 2007 QUARTO,U821. J3 B68 1988 QUARTO,Eisenhower General Collection,UA10. A751 1990,UA646.5 G4 F431 1992,Eisenhower General Collection,,,,,,,,,,,,,,,,,,,,,,,,,,,,,,,,,,,,,,,,,,,,,,,,,,,,,,,,,,,,,,,,,,,,,,,,,,,,,,,,,,,,,,,,,,,,,,,,,,,,,,,,,
14,1,440,C-145,UA646.5 G4 H651 1991,UA990. W45 1998,Eisenhower General Collection,UA12.5 R47 1997X QUARTO,UA853. I75 C653 2002 QUARTO,Eisenhower General Collection,UB23. E931 1984,UB853. A3 1949,Eisenhower General Collection,UB212. N38 1997 QUARTO,UB435. S65 M33 1997 QUARTO,Eisenhower General Collection,UC85. G6 1969,UC713. N88 2006,Eisenhower General Collection,UC23. 1861-65 .L6 1963 QUARTO,UC505. G8 F75 2011 QUARTO,Eisenhower General Collection,UD59. D48 1996,UD483. H691 1979,Eisenhower General Collection,UE15. S385 1999,UE460. H9441 1994,Eisenhower General Collection,UE15. E441 1978 QUARTO,UE443. S831 1977 V.4 QUARTO,Eisenhower General Collection,UF72. B87 S65 2005,UF880. I9 1971,Eisenhower General Collection,UF23. R56 1970 QUARTO,UF620. A2 C5 1951 V.4 QUARTO,Eisenhower General Collection,UG23. M67 1971,UG1530. O33 2004,Eisenhower General Collection,UG80. M55 B67 2007 QUARTO,UG1315. A8 M67 1989 QUARTO,Eisenhower General Collection,UG460. A7 2003 FOLIO,UG460. A7 2003 FOLIO,Eisenhower General Collection,UH23. Y44 2005,UH723. W561 1992,Eisenhower General Collection,UH723. U54 H53 2007 QUARTO,UH723. U54 H53 2007 QUARTO,Eisenhower General Collection,V4. K86 INDEX V.37,V993. S65 1994,Eisenhower General Collection,V27. N185 1983 QUARTO,V858. F751 1995 QUARTO,Eisenhower General Collection,VA10. C151 1989,VA654. J313 1964,Eisenhower General Collection,VA61. A53 1959 V.1 QUARTO,VA573. M36715 1997 QUARTO,Eisenhower General Collection,VB146. N38 2012,VB324. W65 T351 1993,Eisenhower General Collection,VC263. N37 2009,VC263. N37 2009,Eisenhower General Collection,VD50. F87 2002,VD50. F87 2002,Eisenhower General Collection,VE23. C493 2001,VE25. N67 B761 1988,Eisenhower General Collection,VG93. I34 2006,VG743. S3461 1988,Eisenhower General Collection,VK15. H87 2013,VK1265. R495 2002,Eisenhower General Collection,VK57. M31 1993 QUARTO,VK361. S8 2008 QUARTO,Eisenhower General Collection,VM5. A381 1989,VM989. L3 1959,Eisenhower General Collection,VM15. A43 2013 QUARTO,VM981. U625 2001 QUARTO,Eisenhower General Collection,Z1. P73,Z156. B35 S57 1994,Eisenhower General Collection,,,,,,,,,,,,,,,,,,,,,,,,,,,,,,,,,,,,,,,
14,2,441,C-146,Z156. B6 S4 1959,Z1037. A1 S29 1997,Eisenhower General Collection,,,,,,,,,,,,,,,,,,,,,,,,,,,,,,,,,,,,,,,,,,,,,,,,,,,,,,,,,,,,,,,,,,,,,,,,,,,,,,,,,,,,,,,,,,,,,,,,,,,,,,,,,,,,,,,,,,,,,,,,,,,,,,
14,3,442,C-147,Z1037. A2 A42 1998,Z2223. M3 G47 1976,Eisenhower General Collection,,,,,,,,,,,,,,,,,,,,,,,,,,,,,,,,,,,,,,,,,,,,,,,,,,,,,,,,,,,,,,,,,,,,,,,,,,,,,,,,,,,,,,,,,,,,,,,,,,,,,,,,,,,,,,,,,,,,,,,,,,,,,,
14,4,443,C-148,Z2223. V58 2000,Z6621. B85 C8 1994,Eisenhower General Collection,,,,,,,,,,,,,,,,,,,,,,,,,,,,,,,,,,,,,,,,,,,,,,,,,,,,,,,,,,,,,,,,,,,,,,,,,,,,,,,,,,,,,,,,,,,,,,,,,,,,,,,,,,,,,,,,,,,,,,,,,,,,,,
14,5,444,C-149,Z6621. B85 S6 1904,Z8998.94 K53 1991 SUPPL.1,Eisenhower General Collection,Z4. A88 1991 QUARTO,Z2001. N65 1984 SER.2 PHASE.1 V.11 QUARTO,Eisenhower General Collection,,,,,,,,,,,,,,,,,,,,,,,,,,,,,,,,,,,,,,,,,,,,,,,,,,,,,,,,,,,,,,,,,,,,,,,,,,,,,,,,,,,,,,,,,,,,,,,,,,,,,,,,,,,,,,,,,,,,,,,,,,,
14,6,445,C-150,Z2001. N65 1984 SER.2 PHASE.1 V.12 QUARTO,Z8976.475 S46 2013 QUARTO,Eisenhower General Collection,Z114. C47 1954 PT.1 FOLIO,Z7164. U5 W3 1976 V.3 FOLIO,Eisenhower General Collection,ZA408. I578 2006,ZA4675. G85 2001,Eisenhower General Collection,ZA3075. B57 2003 QUARTO,ZA4450. J34 2001 QUARTO,Eisenhower General Collection,,,,,,,,,,,,,,,,,,,,,,,,,,,,,,,,,,,,,,,,,,,,,,,,,,,,,,,,,,,,,,,,,,,,,,,,,,,,,,,,,,,,,,,,,,,,,,,,,,,,,,,,,,,,,,,,,,,,,
14,7,446,C-151,,,,,,,,,,,,,,,,,,,,,,,,,,,,,,,,,,,,,,,,,,,,,,,,,,,,,,,,,,,,,,,,,,,,,,,,,,,,,,,,,,,,,,,,,,,,,,,,,,,,,,,,,,,,,,,,,,,,,,,,,,,,,,,,,
